drop table if exists t1;
create table t1(a int,b int);
insert into t1 values(5,-2),(10,3),(100,0),(4,3),(6,-3);
select power(a,b) from t1;
power(a, b)
0.0400
1000.0000
1.0000
64.0000
0.0046
select power(a,2) as a1, power(b,2) as b1 from t1 where power(a,2) > power(b,2);
a1	b1
25.0000	4.0000
100.0000	9.0000
10000.0000	0.0000
16.0000	9.0000
36.0000	9.0000
select power(a,b) as c,sum(a) from t1 group by c order by a;
c	sum(a)
64.0000	4
0.0400	5
0.0046	6
1000.0000	10
1.0000	100
